 ,Area,Mean,Min,Max,X,Y,BX,BY,Width,Height
1,0,255,255,255,1113,2238,1113,2238,1,1
2,0,255,255,255,1757,2150,1757,2150,1,1
3,0,255,255,255,1346,2123,1346,2123,1,1
4,0,255,255,255,1391,2100,1391,2100,1,1
5,0,255,255,255,1296,2086,1296,2086,1,1
6,0,255,255,255,1385,2082,1385,2082,1,1
7,0,255,255,255,765,2055,765,2055,1,1
8,0,255,255,255,793,2044,793,2044,1,1
9,0,255,255,255,1648,2035,1648,2035,1,1
10,0,255,255,255,2143,2018,2143,2018,1,1
11,0,255,255,255,851,1934,851,1934,1,1
12,0,255,255,255,1408,1913,1408,1913,1,1
13,0,255,255,255,1756,1879,1756,1879,1,1
14,0,255,255,255,1978,1874,1978,1874,1,1
15,0,255,255,255,905,1869,905,1869,1,1
16,0,255,255,255,1460,1842,1460,1842,1,1
17,0,255,255,255,1679,1838,1679,1838,1,1
18,0,255,255,255,1152,1837,1152,1837,1,1
19,0,255,255,255,1572,1824,1572,1824,1,1
20,0,255,255,255,1659,1795,1659,1795,1,1
21,0,255,255,255,779,1794,779,1794,1,1
22,0,255,255,255,2017,1793,2017,1793,1,1
23,0,255,255,255,1255,1792,1255,1792,1,1
24,0,255,255,255,2037,1789,2037,1789,1,1
25,0,255,255,255,2100,1782,2100,1782,1,1
26,0,255,255,255,1338,1780,1338,1780,1,1
27,0,255,255,255,1539,1771,1539,1771,1,1
28,0,255,255,255,936,1762,936,1762,1,1
29,0,255,255,255,674,1756,674,1756,1,1
30,0,255,255,255,2206,1754,2206,1754,1,1
31,0,255,255,255,1831,1751,1831,1751,1,1
32,0,255,255,255,1306,1750,1306,1750,1,1
33,0,255,255,255,1560,1748,1560,1748,1,1
34,0,255,255,255,2173,1747,2173,1747,1,1
35,0,255,255,255,1000,1733,1000,1733,1,1
36,0,255,255,255,1872,1732,1872,1732,1,1
37,0,255,255,255,1454,1729,1454,1729,1,1
38,0,255,255,255,1896,1728,1896,1728,1,1
39,0,255,255,255,976,1727,976,1727,1,1
40,0,255,255,255,1328,1722,1328,1722,1,1
41,0,255,255,255,1370,1720,1370,1720,1,1
42,0,255,255,255,2316,1716,2316,1716,1,1
43,0,255,255,255,1556,1712,1556,1712,1,1
44,0,255,255,255,1622,1710,1622,1710,1,1
45,0,255,255,255,1762,1708,1762,1708,1,1
46,0,255,255,255,1599,1707,1599,1707,1,1
47,0,255,255,255,1535,1707,1535,1707,1,1
48,0,255,255,255,1925,1704,1925,1704,1,1
49,0,255,255,255,2169,1702,2169,1702,1,1
50,0,255,255,255,1248,1694,1248,1694,1,1
51,0,255,255,255,1377,1690,1377,1690,1,1
52,0,255,255,255,1157,1689,1157,1689,1,1
53,0,255,255,255,1465,1687,1465,1687,1,1
54,0,255,255,255,1562,1686,1562,1686,1,1
55,0,255,255,255,1489,1684,1489,1684,1,1
56,0,255,255,255,2037,1681,2037,1681,1,1
57,0,255,255,255,1361,1680,1361,1680,1,1
58,0,255,255,255,1336,1677,1336,1677,1,1
59,0,255,255,255,1496,1674,1496,1674,1,1
60,0,255,255,255,1746,1672,1746,1672,1,1
61,0,255,255,255,1958,1671,1958,1671,1,1
62,0,255,255,255,1396,1668,1396,1668,1,1
63,0,255,255,255,1617,1667,1617,1667,1,1
64,0,255,255,255,2318,1664,2318,1664,1,1
65,0,255,255,255,1879,1657,1879,1657,1,1
66,0,255,255,255,1691,1651,1691,1651,1,1
67,0,255,255,255,1587,1651,1587,1651,1,1
68,0,255,255,255,1550,1647,1550,1647,1,1
69,0,255,255,255,1629,1645,1629,1645,1,1
70,0,255,255,255,1251,1645,1251,1645,1,1
71,0,255,255,255,1021,1643,1021,1643,1,1
72,0,255,255,255,1401,1642,1401,1642,1,1
73,0,255,255,255,749,1642,749,1642,1,1
74,0,255,255,255,1713,1641,1713,1641,1,1
75,0,255,255,255,1933,1633,1933,1633,1,1
76,0,255,255,255,1349,1633,1349,1633,1,1
77,0,255,255,255,1486,1632,1486,1632,1,1
78,0,255,255,255,1100,1630,1100,1630,1,1
79,0,255,255,255,1549,1627,1549,1627,1,1
80,0,255,255,255,1444,1626,1444,1626,1,1
81,0,255,255,255,1653,1625,1653,1625,1,1
82,0,255,255,255,1569,1623,1569,1623,1,1
83,0,255,255,255,961,1622,961,1622,1,1
84,0,255,255,255,1522,1621,1522,1621,1,1
85,0,255,255,255,1506,1617,1506,1617,1,1
86,0,255,255,255,1745,1615,1745,1615,1,1
87,0,255,255,255,1490,1615,1490,1615,1,1
88,0,255,255,255,1032,1612,1032,1612,1,1
89,0,255,255,255,1285,1609,1285,1609,1,1
90,0,255,255,255,914,1609,914,1609,1,1
91,0,255,255,255,778,1608,778,1608,1,1
92,0,255,255,255,1546,1607,1546,1607,1,1
93,0,255,255,255,619,1607,619,1607,1,1
94,0,255,255,255,1056,1604,1056,1604,1,1
95,0,255,255,255,1131,1603,1131,1603,1,1
96,0,255,255,255,1936,1601,1936,1601,1,1
97,0,255,255,255,1624,1600,1624,1600,1,1
98,0,255,255,255,1440,1599,1440,1599,1,1
99,0,255,255,255,2328,1598,2328,1598,1,1
100,0,255,255,255,1210,1595,1210,1595,1,1
101,0,255,255,255,1411,1593,1411,1593,1,1
102,0,255,255,255,1579,1592,1579,1592,1,1
103,0,255,255,255,1249,1592,1249,1592,1,1
104,0,255,255,255,1921,1587,1921,1587,1,1
105,0,255,255,255,2120,1586,2120,1586,1,1
106,0,255,255,255,2239,1584,2239,1584,1,1
107,0,255,255,255,1877,1580,1877,1580,1,1
108,0,255,255,255,2149,1573,2149,1573,1,1
109,0,255,255,255,1603,1571,1603,1571,1,1
110,0,255,255,255,989,1571,989,1571,1,1
111,0,255,255,255,1836,1570,1836,1570,1,1
112,0,255,255,255,1518,1569,1518,1569,1,1
113,0,255,255,255,1099,1569,1099,1569,1,1
114,0,255,255,255,1661,1567,1661,1567,1,1
115,0,255,255,255,1578,1565,1578,1565,1,1
116,0,255,255,255,879,1562,879,1562,1,1
117,0,255,255,255,1280,1561,1280,1561,1,1
118,0,255,255,255,1641,1558,1641,1558,1,1
119,0,255,255,255,1708,1555,1708,1555,1,1
120,0,255,255,255,2129,1553,2129,1553,1,1
121,0,255,255,255,1893,1553,1893,1553,1,1
122,0,255,255,255,1738,1552,1738,1552,1,1
123,0,255,255,255,1809,1551,1809,1551,1,1
124,0,255,255,255,735,1550,735,1550,1,1
125,0,255,255,255,1595,1549,1595,1549,1,1
126,0,255,255,255,2441,1548,2441,1548,1,1
127,0,255,255,255,1327,1548,1327,1548,1,1
128,0,255,255,255,1001,1545,1001,1545,1,1
129,0,255,255,255,862,1543,862,1543,1,1
130,0,255,255,255,1562,1541,1562,1541,1,1
131,0,255,255,255,1471,1540,1471,1540,1,1
132,0,255,255,255,1306,1539,1306,1539,1,1
133,0,255,255,255,2072,1537,2072,1537,1,1
134,0,255,255,255,1724,1535,1724,1535,1,1
135,0,255,255,255,1661,1529,1661,1529,1,1
136,0,255,255,255,1825,1524,1825,1524,1,1
137,0,255,255,255,1451,1524,1451,1524,1,1
138,0,255,255,255,1802,1521,1802,1521,1,1
139,0,255,255,255,1436,1521,1436,1521,1,1
140,0,255,255,255,1894,1520,1894,1520,1,1
141,0,255,255,255,1491,1520,1491,1520,1,1
142,0,255,255,255,1871,1517,1871,1517,1,1
143,0,255,255,255,1473,1517,1473,1517,1,1
144,0,255,255,255,2371,1512,2371,1512,1,1
145,0,255,255,255,2032,1512,2032,1512,1,1
146,0,255,255,255,1577,1512,1577,1512,1,1
147,0,255,255,255,1305,1512,1305,1512,1,1
148,0,255,255,255,1687,1510,1687,1510,1,1
149,0,255,255,255,1658,1508,1658,1508,1,1
150,0,255,255,255,1638,1507,1638,1507,1,1
151,0,255,255,255,1144,1504,1144,1504,1,1
152,0,255,255,255,1706,1503,1706,1503,1,1
153,0,255,255,255,1596,1500,1596,1500,1,1
154,0,255,255,255,2270,1499,2270,1499,1,1
155,0,255,255,255,1483,1499,1483,1499,1,1
156,0,255,255,255,1843,1498,1843,1498,1,1
157,0,255,255,255,1429,1498,1429,1498,1,1
158,0,255,255,255,1472,1494,1472,1494,1,1
159,0,255,255,255,2230,1495,2230,1495,1,1
160,0,255,255,255,1897,1494,1897,1494,1,1
161,0,255,255,255,1626,1494,1626,1494,1,1
162,0,255,255,255,164,1494,164,1494,1,1
163,0,255,255,255,956,1492,956,1492,1,1
164,0,255,255,255,1927,1491,1927,1491,1,1
165,0,255,255,255,1051,1490,1051,1490,1,1
166,0,255,255,255,1800,1488,1800,1488,1,1
167,0,255,255,255,1254,1488,1254,1488,1,1
168,0,255,255,255,1030,1486,1030,1486,1,1
169,0,255,255,255,894,1486,894,1486,1,1
170,0,255,255,255,2171,1484,2171,1484,1,1
171,0,255,255,255,2024,1484,2024,1484,1,1
172,0,255,255,255,1525,1483,1525,1483,1,1
173,0,255,255,255,1504,1483,1504,1483,1,1
174,0,255,255,255,1370,1482,1370,1482,1,1
175,0,255,255,255,2198,1480,2198,1480,1,1
176,0,255,255,255,1675,1480,1675,1480,1,1
177,0,255,255,255,1415,1479,1415,1479,1,1
178,0,255,255,255,1289,1479,1289,1479,1,1
179,0,255,255,255,1975,1478,1975,1478,1,1
180,0,255,255,255,1920,1477,1920,1477,1,1
181,0,255,255,255,1892,1477,1892,1477,1,1
182,0,255,255,255,1840,1473,1840,1473,1,1
183,0,255,255,255,1906,1470,1906,1470,1,1
184,0,255,255,255,2182,1468,2182,1468,1,1
185,0,255,255,255,1633,1467,1633,1467,1,1
186,0,255,255,255,2113,1466,2113,1466,1,1
187,0,255,255,255,2259,1464,2259,1464,1,1
188,0,255,255,255,1651,1464,1651,1464,1,1
189,0,255,255,255,1497,1464,1497,1464,1,1
190,0,255,255,255,1389,1464,1389,1464,1,1
191,0,255,255,255,1475,1462,1475,1462,1,1
192,0,255,255,255,1553,1461,1553,1461,1,1
193,0,255,255,255,1887,1460,1887,1460,1,1
194,0,255,255,255,1525,1460,1525,1460,1,1
195,0,255,255,255,2362,1458,2362,1458,1,1
196,0,255,255,255,1690,1458,1690,1458,1,1
197,0,255,255,255,1507,1458,1507,1458,1,1
198,0,255,255,255,1798,1455,1798,1455,1,1
199,0,255,255,255,1441,1453,1441,1453,1,1
200,0,255,255,255,1673,1452,1673,1452,1,1
201,0,255,255,255,1251,1452,1251,1452,1,1
202,0,255,255,255,1372,1451,1372,1451,1,1
203,0,255,255,255,1346,1451,1346,1451,1,1
204,0,255,255,255,1836,1450,1836,1450,1,1
205,0,255,255,255,1231,1449,1231,1449,1,1
206,0,255,255,255,1714,1448,1714,1448,1,1
207,0,255,255,255,73,1448,73,1448,1,1
208,0,255,255,255,2259,1447,2259,1447,1,1
209,0,255,255,255,2061,1447,2061,1447,1,1
210,0,255,255,255,1458,1445,1458,1445,1,1
211,0,255,255,255,1329,1447,1329,1447,1,1
212,0,255,255,255,1907,1446,1907,1446,1,1
213,0,255,255,255,1886,1446,1886,1446,1,1
214,0,255,255,255,1200,1446,1200,1446,1,1
215,0,255,255,255,1979,1445,1979,1445,1,1
216,0,255,255,255,1650,1445,1650,1445,1,1
217,0,255,255,255,1561,1445,1561,1445,1,1
218,0,255,255,255,1480,1445,1480,1445,1,1
219,0,255,255,255,1803,1443,1803,1443,1,1
220,0,255,255,255,1733,1442,1733,1442,1,1
221,0,255,255,255,1310,1442,1310,1442,1,1
222,0,255,255,255,1925,1441,1925,1441,1,1
223,0,255,255,255,1090,1441,1090,1441,1,1
224,0,255,255,255,1613,1438,1613,1438,1,1
225,0,255,255,255,793,1438,793,1438,1,1
226,0,255,255,255,1596,1436,1596,1436,1,1
227,0,255,255,255,1453,1436,1453,1436,1,1
228,0,255,255,255,2171,1433,2171,1433,1,1
229,0,255,255,255,1408,1432,1408,1432,1,1
230,0,255,255,255,1339,1432,1339,1432,1,1
231,0,255,255,255,1011,1432,1011,1432,1,1
232,0,255,255,255,1529,1431,1529,1431,1,1
233,0,255,255,255,1228,1431,1228,1431,1,1
234,0,255,255,255,1542,1430,1542,1430,1,1
235,0,255,255,255,839,1429,839,1429,1,1
236,0,255,255,255,1260,1426,1260,1426,1,1
237,0,255,255,255,1247,1428,1247,1428,1,1
238,0,255,255,255,1800,1427,1800,1427,1,1
239,0,255,255,255,1563,1427,1563,1427,1,1
240,0,255,255,255,1647,1424,1647,1424,1,1
241,0,255,255,255,1275,1423,1275,1423,1,1
242,0,255,255,255,774,1423,774,1423,1,1
243,0,255,255,255,1141,1422,1141,1422,1,1
244,0,255,255,255,1685,1421,1685,1421,1,1
245,0,255,255,255,1305,1421,1305,1421,1,1
246,0,255,255,255,1822,1420,1822,1420,1,1
247,0,255,255,255,2214,1419,2214,1419,1,1
248,0,255,255,255,1757,1419,1757,1419,1,1
249,0,255,255,255,1473,1419,1473,1419,1,1
250,0,255,255,255,578,1419,578,1419,1,1
251,0,255,255,255,2195,1418,2195,1418,1,1
252,0,255,255,255,1928,1418,1928,1418,1,1
253,0,255,255,255,1627,1418,1627,1418,1,1
254,0,255,255,255,1366,1418,1366,1418,1,1
255,0,255,255,255,971,1418,971,1418,1,1
256,0,255,255,255,1334,1417,1334,1417,1,1
257,0,255,255,255,1665,1416,1665,1416,1,1
258,0,255,255,255,1494,1412,1494,1412,1,1
259,0,255,255,255,1684,1411,1684,1411,1,1
260,0,255,255,255,1997,1410,1997,1410,1,1
261,0,255,255,255,2165,1409,2165,1409,1,1
262,0,255,255,255,1590,1409,1590,1409,1,1
263,0,255,255,255,1555,1409,1555,1409,1,1
264,0,255,255,255,2096,1408,2096,1408,1,1
265,0,255,255,255,1274,1408,1274,1408,1,1
266,0,255,255,255,1974,1407,1974,1407,1,1
267,0,255,255,255,1352,1406,1352,1406,1,1
268,0,255,255,255,925,1406,925,1406,1,1
269,0,255,255,255,1726,1404,1726,1404,1,1
270,0,255,255,255,1470,1404,1470,1404,1,1
271,0,255,255,255,1445,1404,1445,1404,1,1
272,0,255,255,255,1062,1404,1062,1404,1,1
273,0,255,255,255,843,1404,843,1404,1,1
274,0,255,255,255,1576,1403,1576,1403,1,1
275,0,255,255,255,1895,1402,1895,1402,1,1
276,0,255,255,255,996,1402,996,1402,1,1
277,0,255,255,255,1925,1401,1925,1401,1,1
278,0,255,255,255,1171,1401,1171,1401,1,1
279,0,255,255,255,1872,1400,1872,1400,1,1
280,0,255,255,255,1817,1400,1817,1400,1,1
281,0,255,255,255,2914,1399,2914,1399,1,1
282,0,255,255,255,1256,1399,1256,1399,1,1
283,0,255,255,255,1190,1399,1190,1399,1,1
284,0,255,255,255,1124,1399,1124,1399,1,1
285,0,255,255,255,2135,1398,2135,1398,1,1
286,0,255,255,255,1651,1398,1651,1398,1,1
287,0,255,255,255,1530,1398,1530,1398,1,1
288,0,255,255,255,1615,1397,1615,1397,1,1
289,0,255,255,255,1864,1394,1864,1394,1,1
290,0,255,255,255,1567,1394,1567,1394,1,1
291,0,255,255,255,417,1396,417,1396,1,1
292,0,255,255,255,1960,1395,1960,1395,1,1
293,0,255,255,255,1551,1392,1551,1392,1,1
294,0,255,255,255,1773,1389,1773,1389,1,1
295,0,255,255,255,1448,1388,1448,1388,1,1
296,0,255,255,255,2170,1387,2170,1387,1,1
297,0,255,255,255,1593,1387,1593,1387,1,1
298,0,255,255,255,1684,1386,1684,1386,1,1
299,0,255,255,255,850,1386,850,1386,1,1
300,0,255,255,255,2925,1385,2925,1385,1,1
301,0,255,255,255,2012,1385,2012,1385,1,1
302,0,255,255,255,1742,1385,1742,1385,1,1
303,0,255,255,255,1151,1385,1151,1385,1,1
304,0,255,255,255,1916,1384,1916,1384,1,1
305,0,255,255,255,1412,1383,1412,1383,1,1
306,0,255,255,255,1850,1382,1850,1382,1,1
307,0,255,255,255,1651,1382,1651,1382,1,1
308,0,255,255,255,1826,1381,1826,1381,1,1
309,0,255,255,255,1259,1380,1259,1380,1,1
310,0,255,255,255,1961,1379,1961,1379,1,1
311,0,255,255,255,1661,1377,1661,1377,1,1
312,0,255,255,255,1791,1377,1791,1377,1,1
313,0,255,255,255,724,1377,724,1377,1,1
314,0,255,255,255,1515,1376,1515,1376,1,1
315,0,255,255,255,1466,1376,1466,1376,1,1
316,0,255,255,255,1428,1376,1428,1376,1,1
317,0,255,255,255,929,1373,929,1373,1,1
318,0,255,255,255,1341,1371,1341,1371,1,1
319,0,255,255,255,1536,1370,1536,1370,1,1
320,0,255,255,255,2080,1369,2080,1369,1,1
321,0,255,255,255,1581,1369,1581,1369,1,1
322,0,255,255,255,1562,1369,1562,1369,1,1
323,0,255,255,255,1378,1369,1378,1369,1,1
324,0,255,255,255,1695,1368,1695,1368,1,1
325,0,255,255,255,1621,1367,1621,1367,1,1
326,0,255,255,255,846,1366,846,1366,1,1
327,0,255,255,255,1595,1365,1595,1365,1,1
328,0,255,255,255,817,1365,817,1365,1,1
329,0,255,255,255,1998,1364,1998,1364,1,1
330,0,255,255,255,1663,1363,1663,1363,1,1
331,0,255,255,255,1965,1361,1965,1361,1,1
332,0,255,255,255,887,1360,887,1360,1,1
333,0,255,255,255,1480,1359,1480,1359,1,1
334,0,255,255,255,1758,1358,1758,1358,1,1
335,0,255,255,255,1510,1358,1510,1358,1,1
336,0,255,255,255,1431,1358,1431,1358,1,1
337,0,255,255,255,1289,1358,1289,1358,1,1
338,0,255,255,255,2440,1357,2440,1357,1,1
339,0,255,255,255,1781,1357,1781,1357,1,1
340,0,255,255,255,2328,1356,2328,1356,1,1
341,0,255,255,255,1739,1356,1739,1356,1,1
342,0,255,255,255,2255,1355,2255,1355,1,1
343,0,255,255,255,1364,1355,1364,1355,1,1
344,0,255,255,255,1257,1355,1257,1355,1,1
345,0,255,255,255,2531,1354,2531,1354,1,1
346,0,255,255,255,1575,1354,1575,1354,1,1
347,0,255,255,255,1397,1354,1397,1354,1,1
348,0,255,255,255,1691,1353,1691,1353,1,1
349,0,255,255,255,1030,1352,1030,1352,1,1
350,0,255,255,255,72,1349,72,1349,1,1
351,0,255,255,255,2459,1348,2459,1348,1,1
352,0,255,255,255,1109,1348,1109,1348,1,1
353,0,255,255,255,1992,1347,1992,1347,1,1
354,0,255,255,255,1519,1347,1519,1347,1,1
355,0,255,255,255,1665,1346,1665,1346,1,1
356,0,255,255,255,1318,1346,1318,1346,1,1
357,0,255,255,255,1455,1344,1455,1344,1,1
358,0,255,255,255,1959,1343,1959,1343,1,1
359,0,255,255,255,1645,1343,1645,1343,1,1
360,0,255,255,255,1008,1343,1008,1343,1,1
361,0,255,255,255,1422,1342,1422,1342,1,1
362,0,255,255,255,790,1342,790,1342,1,1
363,0,255,255,255,1715,1340,1715,1340,1,1
364,0,255,255,255,742,1340,742,1340,1,1
365,0,255,255,255,1666,1337,1666,1337,1,1
366,0,255,255,255,1617,1339,1617,1339,1,1
367,0,255,255,255,1439,1339,1439,1339,1,1
368,0,255,255,255,1044,1339,1044,1339,1,1
369,0,255,255,255,1738,1338,1738,1338,1,1
370,0,255,255,255,1542,1338,1542,1338,1,1
371,0,255,255,255,1498,1338,1498,1338,1,1
372,0,255,255,255,2432,1337,2432,1337,1,1
373,0,255,255,255,2133,1337,2133,1337,1,1
374,0,255,255,255,1777,1337,1777,1337,1,1
375,0,255,255,255,1383,1335,1383,1335,1,1
376,0,255,255,255,1757,1336,1757,1336,1,1
377,0,255,255,255,2240,1334,2240,1334,1,1
378,0,255,255,255,2054,1334,2054,1334,1,1
379,0,255,255,255,1792,1333,1792,1333,1,1
380,0,255,255,255,1985,1332,1985,1332,1,1
381,0,255,255,255,1453,1330,1453,1330,1,1
382,0,255,255,255,1629,1331,1629,1331,1,1
383,0,255,255,255,1591,1331,1591,1331,1,1
384,0,255,255,255,1348,1331,1348,1331,1,1
385,0,255,255,255,1285,1331,1285,1331,1,1
386,0,255,255,255,718,1331,718,1331,1,1
387,0,255,255,255,1398,1328,1398,1328,1,1
388,0,255,255,255,2262,1327,2262,1327,1,1
389,0,255,255,255,1712,1326,1712,1326,1,1
390,0,255,255,255,1838,1325,1838,1325,1,1
391,0,255,255,255,2187,1323,2187,1323,1,1
392,0,255,255,255,1381,1323,1381,1323,1,1
393,0,255,255,255,1890,1322,1890,1322,1,1
394,0,255,255,255,1206,1322,1206,1322,1,1
395,0,255,255,255,1109,1322,1109,1322,1,1
396,0,255,255,255,1361,1321,1361,1321,1,1
397,0,255,255,255,1254,1321,1254,1321,1,1
398,0,255,255,255,1126,1321,1126,1321,1,1
399,0,255,255,255,258,1321,258,1321,1,1
400,0,255,255,255,1589,1320,1589,1320,1,1
401,0,255,255,255,990,1319,990,1319,1,1
402,0,255,255,255,1771,1318,1771,1318,1,1
403,0,255,255,255,2056,1317,2056,1317,1,1
404,0,255,255,255,1526,1317,1526,1317,1,1
405,0,255,255,255,1456,1317,1456,1317,1,1
406,0,255,255,255,1552,1316,1552,1316,1,1
407,0,255,255,255,1806,1315,1806,1315,1,1
408,0,255,255,255,1509,1315,1509,1315,1,1
409,0,255,255,255,1607,1314,1607,1314,1,1
410,0,255,255,255,1335,1314,1335,1314,1,1
411,0,255,255,255,741,1313,741,1313,1,1
412,0,255,255,255,1494,1312,1494,1312,1,1
413,0,255,255,255,1414,1312,1414,1312,1,1
414,0,255,255,255,1315,1312,1315,1312,1,1
415,0,255,255,255,484,1311,484,1311,1,1
416,0,255,255,255,1866,1309,1866,1309,1,1
417,0,255,255,255,1518,1309,1518,1309,1,1
418,0,255,255,255,1271,1309,1271,1309,1,1
419,0,255,255,255,1241,1309,1241,1309,1,1
420,0,255,255,255,1572,1308,1572,1308,1,1
421,0,255,255,255,1754,1307,1754,1307,1,1
422,0,255,255,255,1476,1307,1476,1307,1,1
423,0,255,255,255,1730,1306,1730,1306,1,1
424,0,255,255,255,1981,1305,1981,1305,1,1
425,0,255,255,255,1896,1305,1896,1305,1,1
426,0,255,255,255,1424,1304,1424,1304,1,1
427,0,255,255,255,2080,1303,2080,1303,1,1
428,0,255,255,255,1774,1303,1774,1303,1,1
429,0,255,255,255,2000,1300,2000,1300,1,1
430,0,255,255,255,933,1299,933,1299,1,1
431,0,255,255,255,1731,1298,1731,1298,1,1
432,0,255,255,255,1042,1298,1042,1298,1,1
433,0,255,255,255,2177,1297,2177,1297,1,1
434,0,255,255,255,1802,1295,1802,1295,1,1
435,0,255,255,255,1597,1297,1597,1297,1,1
436,0,255,255,255,1334,1295,1334,1295,1,1
437,0,255,255,255,2105,1296,2105,1296,1,1
438,0,255,255,255,2035,1295,2035,1295,1,1
439,0,255,255,255,1817,1295,1817,1295,1,1
440,0,255,255,255,1404,1295,1404,1295,1,1
441,0,255,255,255,1788,1292,1788,1292,1,1
442,0,255,255,255,1523,1294,1523,1294,1,1
443,0,255,255,255,2210,1293,2210,1293,1,1
444,0,255,255,255,1559,1293,1559,1293,1,1
445,0,255,255,255,1460,1293,1460,1293,1,1
446,0,255,255,255,1005,1293,1005,1293,1,1
447,0,255,255,255,2319,1292,2319,1292,1,1
448,0,255,255,255,1378,1291,1378,1291,1,1
449,0,255,255,255,1175,1291,1175,1291,1,1
450,0,255,255,255,1236,1290,1236,1290,1,1
451,0,255,255,255,2715,1285,2715,1285,1,1
452,0,255,255,255,1816,1281,1816,1281,1,1
453,0,255,255,255,1341,1283,1341,1283,1,1
454,0,255,255,255,1778,1282,1778,1282,1,1
455,0,255,255,255,1545,1281,1545,1281,1,1
456,0,255,255,255,1754,1280,1754,1280,1,1
457,0,255,255,255,975,1280,975,1280,1,1
458,0,255,255,255,2170,1279,2170,1279,1,1
459,0,255,255,255,1970,1279,1970,1279,1,1
460,0,255,255,255,1578,1279,1578,1279,1,1
461,0,255,255,255,1494,1279,1494,1279,1,1
462,0,255,255,255,1849,1278,1849,1278,1,1
463,0,255,255,255,1910,1276,1910,1276,1,1
464,0,255,255,255,1866,1276,1866,1276,1,1
465,0,255,255,255,2140,1275,2140,1275,1,1
466,0,255,255,255,2425,1274,2425,1274,1,1
467,0,255,255,255,1443,1274,1443,1274,1,1
468,0,255,255,255,1140,1273,1140,1273,1,1
469,0,255,255,255,951,1273,951,1273,1,1
470,0,255,255,255,2104,1272,2104,1272,1,1
471,0,255,255,255,1889,1272,1889,1272,1,1
472,0,255,255,255,1378,1271,1378,1271,1,1
473,0,255,255,255,1247,1270,1247,1270,1,1
474,0,255,255,255,1820,1268,1820,1268,1,1
475,0,255,255,255,1476,1268,1476,1268,1,1
476,0,255,255,255,1593,1265,1593,1265,1,1
477,0,255,255,255,1297,1267,1297,1267,1,1
478,0,255,255,255,1525,1266,1525,1266,1,1
479,0,255,255,255,1115,1266,1115,1266,1,1
480,0,255,255,255,2083,1265,2083,1265,1,1
481,0,255,255,255,2184,1264,2184,1264,1,1
482,0,255,255,255,1369,1262,1369,1262,1,1
483,0,255,255,255,1501,1262,1501,1262,1,1
484,0,255,255,255,1766,1261,1766,1261,1,1
485,0,255,255,255,1600,1260,1600,1260,1,1
486,0,255,255,255,1341,1260,1341,1260,1,1
487,0,255,255,255,1811,1259,1811,1259,1,1
488,0,255,255,255,1173,1258,1173,1258,1,1
489,0,255,255,255,1791,1256,1791,1256,1,1
490,0,255,255,255,1887,1254,1887,1254,1,1
491,0,255,255,255,1080,1251,1080,1251,1,1
492,0,255,255,255,1271,1250,1271,1250,1,1
493,0,255,255,255,2106,1249,2106,1249,1,1
494,0,255,255,255,1619,1249,1619,1249,1,1
495,0,255,255,255,1481,1249,1481,1249,1,1
496,0,255,255,255,1403,1249,1403,1249,1,1
497,0,255,255,255,1368,1249,1368,1249,1,1
498,0,255,255,255,1969,1248,1969,1248,1,1
499,0,255,255,255,1867,1248,1867,1248,1,1
500,0,255,255,255,1573,1248,1573,1248,1,1
501,0,255,255,255,479,1248,479,1248,1,1
502,0,255,255,255,1300,1247,1300,1247,1,1
503,0,255,255,255,1923,1246,1923,1246,1,1
504,0,255,255,255,1834,1245,1834,1245,1,1
505,0,255,255,255,1543,1244,1543,1244,1,1
506,0,255,255,255,2272,1243,2272,1243,1,1
507,0,255,255,255,1816,1243,1816,1243,1,1
508,0,255,255,255,1585,1242,1585,1242,1,1
509,0,255,255,255,1367,1239,1367,1239,1,1
510,0,255,255,255,1906,1240,1906,1240,1,1
511,0,255,255,255,730,1240,730,1240,1,1
512,0,255,255,255,700,1239,700,1239,1,1
513,0,255,255,255,1207,1238,1207,1238,1,1
514,0,255,255,255,1552,1236,1552,1236,1,1
515,0,255,255,255,1064,1236,1064,1236,1,1
516,0,255,255,255,1605,1235,1605,1235,1,1
517,0,255,255,255,1348,1235,1348,1235,1,1
518,0,255,255,255,1513,1234,1513,1234,1,1
519,0,255,255,255,1437,1232,1437,1232,1,1
520,0,255,255,255,946,1234,946,1234,1,1
521,0,255,255,255,2427,1233,2427,1233,1,1
522,0,255,255,255,2483,1232,2483,1232,1,1
523,0,255,255,255,2251,1232,2251,1232,1,1
524,0,255,255,255,2054,1232,2054,1232,1,1
525,0,255,255,255,1373,1232,1373,1232,1,1
526,0,255,255,255,1164,1232,1164,1232,1,1
527,0,255,255,255,1112,1231,1112,1231,1,1
528,0,255,255,255,2115,1230,2115,1230,1,1
529,0,255,255,255,1819,1228,1819,1228,1,1
530,0,255,255,255,2328,1227,2328,1227,1,1
531,0,255,255,255,1859,1227,1859,1227,1,1
532,0,255,255,255,1307,1226,1307,1226,1,1
533,0,255,255,255,844,1226,844,1226,1,1
534,0,255,255,255,2107,1223,2107,1223,1,1
535,0,255,255,255,1482,1224,1482,1224,1,1
536,0,255,255,255,1431,1224,1431,1224,1,1
537,0,255,255,255,1590,1223,1590,1223,1,1
538,0,255,255,255,1848,1222,1848,1222,1,1
539,0,255,255,255,1535,1220,1535,1220,1,1
540,0,255,255,255,1137,1220,1137,1220,1,1
541,0,255,255,255,485,1220,485,1220,1,1
542,0,255,255,255,1289,1219,1289,1219,1,1
543,0,255,255,255,2449,1217,2449,1217,1,1
544,0,255,255,255,2307,1216,2307,1216,1,1
545,0,255,255,255,2117,1216,2117,1216,1,1
546,0,255,255,255,1037,1216,1037,1216,1,1
547,0,255,255,255,2069,1215,2069,1215,1,1
548,0,255,255,255,1566,1215,1566,1215,1,1
549,0,255,255,255,2006,1214,2006,1214,1,1
550,0,255,255,255,1347,1214,1347,1214,1,1
551,0,255,255,255,2255,1213,2255,1213,1,1
552,0,255,255,255,1439,1213,1439,1213,1,1
553,0,255,255,255,1373,1213,1373,1213,1,1
554,0,255,255,255,1835,1212,1835,1212,1,1
555,0,255,255,255,1232,1212,1232,1212,1,1
556,0,255,255,255,1465,1210,1465,1210,1,1
557,0,255,255,255,2078,1209,2078,1209,1,1
558,0,255,255,255,1916,1209,1916,1209,1,1
559,0,255,255,255,2052,1208,2052,1208,1,1
560,0,255,255,255,1985,1208,1985,1208,1,1
561,0,255,255,255,1542,1204,1542,1204,1,1
562,0,255,255,255,2345,1205,2345,1205,1,1
563,0,255,255,255,1265,1203,1265,1203,1,1
564,0,255,255,255,2305,1200,2305,1200,1,1
565,0,255,255,255,1253,1200,1253,1200,1,1
566,0,255,255,255,2133,1199,2133,1199,1,1
567,0,255,255,255,1806,1199,1806,1199,1,1
568,0,255,255,255,1360,1195,1360,1195,1,1
569,0,255,255,255,1955,1196,1955,1196,1,1
570,0,255,255,255,1880,1196,1880,1196,1,1
571,0,255,255,255,1047,1196,1047,1196,1,1
572,0,255,255,255,1236,1194,1236,1194,1,1
573,0,255,255,255,2324,1191,2324,1191,1,1
574,0,255,255,255,1934,1191,1934,1191,1,1
575,0,255,255,255,886,1191,886,1191,1,1
576,0,255,255,255,2042,1190,2042,1190,1,1
577,0,255,255,255,1505,1190,1505,1190,1,1
578,0,255,255,255,2513,1188,2513,1188,1,1
579,0,255,255,255,1135,1188,1135,1188,1,1
580,0,255,255,255,1391,1187,1391,1187,1,1
581,0,255,255,255,1275,1187,1275,1187,1,1
582,0,255,255,255,1412,1185,1412,1185,1,1
583,0,255,255,255,1915,1184,1915,1184,1,1
584,0,255,255,255,1311,1184,1311,1184,1,1
585,0,255,255,255,1990,1183,1990,1183,1,1
586,0,255,255,255,2419,1182,2419,1182,1,1
587,0,255,255,255,1510,1180,1510,1180,1,1
588,0,255,255,255,2203,1181,2203,1181,1,1
589,0,255,255,255,1968,1181,1968,1181,1,1
590,0,255,255,255,1451,1181,1451,1181,1,1
591,0,255,255,255,1365,1181,1365,1181,1,1
592,0,255,255,255,346,1181,346,1181,1,1
593,0,255,255,255,1435,1178,1435,1178,1,1
594,0,255,255,255,2480,1178,2480,1178,1,1
595,0,255,255,255,1530,1178,1530,1178,1,1
596,0,255,255,255,1110,1178,1110,1178,1,1
597,0,255,255,255,2535,1177,2535,1177,1,1
598,0,255,255,255,1330,1177,1330,1177,1,1
599,0,255,255,255,1244,1176,1244,1176,1,1
600,0,255,255,255,1194,1176,1194,1176,1,1
601,0,255,255,255,1152,1176,1152,1176,1,1
602,0,255,255,255,1211,1175,1211,1175,1,1
603,0,255,255,255,1950,1174,1950,1174,1,1
604,0,255,255,255,1468,1174,1468,1174,1,1
605,0,255,255,255,979,1173,979,1173,1,1
606,0,255,255,255,941,1173,941,1173,1,1
607,0,255,255,255,1501,1170,1501,1170,1,1
608,0,255,255,255,1892,1168,1892,1168,1,1
609,0,255,255,255,1806,1168,1806,1168,1,1
610,0,255,255,255,2411,1167,2411,1167,1,1
611,0,255,255,255,1922,1167,1922,1167,1,1
612,0,255,255,255,1829,1166,1829,1166,1,1
613,0,255,255,255,1315,1166,1315,1166,1,1
614,0,255,255,255,1868,1165,1868,1165,1,1
615,0,255,255,255,1486,1165,1486,1165,1,1
616,0,255,255,255,1532,1164,1532,1164,1,1
617,0,255,255,255,1520,1162,1520,1162,1,1
618,0,255,255,255,711,1164,711,1164,1,1
619,0,255,255,255,1447,1163,1447,1163,1,1
620,0,255,255,255,2044,1162,2044,1162,1,1
621,0,255,255,255,2128,1161,2128,1161,1,1
622,0,255,255,255,2345,1160,2345,1160,1,1
623,0,255,255,255,2109,1160,2109,1160,1,1
624,0,255,255,255,1937,1159,1937,1159,1,1
625,0,255,255,255,2167,1158,2167,1158,1,1
626,0,255,255,255,1172,1158,1172,1158,1,1
627,0,255,255,255,2091,1157,2091,1157,1,1
628,0,255,255,255,1405,1157,1405,1157,1,1
629,0,255,255,255,678,1157,678,1157,1,1
630,0,255,255,255,2284,1153,2284,1153,1,1
631,0,255,255,255,2028,1153,2028,1153,1,1
632,0,255,255,255,1967,1153,1967,1153,1,1
633,0,255,255,255,1387,1153,1387,1153,1,1
634,0,255,255,255,1518,1150,1518,1150,1,1
635,0,255,255,255,2611,1149,2611,1149,1,1
636,0,255,255,255,1465,1148,1465,1148,1,1
637,0,255,255,255,2236,1147,2236,1147,1,1
638,0,255,255,255,2201,1147,2201,1147,1,1
639,0,255,255,255,811,1147,811,1147,1,1
640,0,255,255,255,2127,1146,2127,1146,1,1
641,0,255,255,255,1450,1146,1450,1146,1,1
642,0,255,255,255,1424,1146,1424,1146,1,1
643,0,255,255,255,1374,1146,1374,1146,1,1
644,0,255,255,255,1985,1145,1985,1145,1,1
645,0,255,255,255,1821,1143,1821,1143,1,1
646,0,255,255,255,1148,1143,1148,1143,1,1
647,0,255,255,255,1849,1142,1849,1142,1,1
648,0,255,255,255,1829,1142,1829,1142,1,1
649,0,255,255,255,1336,1142,1336,1142,1,1
650,0,255,255,255,2013,1140,2013,1140,1,1
651,0,255,255,255,1803,1140,1803,1140,1,1
652,0,255,255,255,1926,1139,1926,1139,1,1
653,0,255,255,255,1943,1138,1943,1138,1,1
654,0,255,255,255,1266,1137,1266,1137,1,1
655,0,255,255,255,1885,1135,1885,1135,1,1
656,0,255,255,255,1477,1135,1477,1135,1,1
657,0,255,255,255,2027,1134,2027,1134,1,1
658,0,255,255,255,1917,1134,1917,1134,1,1
659,0,255,255,255,1486,1129,1486,1129,1,1
660,0,255,255,255,1971,1130,1971,1130,1,1
661,0,255,255,255,2208,1129,2208,1129,1,1
662,0,255,255,255,1455,1129,1455,1129,1,1
663,0,255,255,255,1511,1128,1511,1128,1,1
664,0,255,255,255,1436,1128,1436,1128,1,1
665,0,255,255,255,1360,1128,1360,1128,1,1
666,0,255,255,255,2099,1127,2099,1127,1,1
667,0,255,255,255,1408,1127,1408,1127,1,1
668,0,255,255,255,1338,1127,1338,1127,1,1
669,0,255,255,255,1230,1127,1230,1127,1,1
670,0,255,255,255,656,1127,656,1127,1,1
671,0,255,255,255,2168,1126,2168,1126,1,1
672,0,255,255,255,1993,1126,1993,1126,1,1
673,0,255,255,255,2308,1125,2308,1125,1,1
674,0,255,255,255,1387,1125,1387,1125,1,1
675,0,255,255,255,1323,1122,1323,1122,1,1
676,0,255,255,255,776,1124,776,1124,1,1
677,0,255,255,255,1837,1119,1837,1119,1,1
678,0,255,255,255,1806,1121,1806,1121,1,1
679,0,255,255,255,1105,1120,1105,1120,1,1
680,0,255,255,255,1170,1119,1170,1119,1,1
681,0,255,255,255,1073,1118,1073,1118,1,1
682,0,255,255,255,1850,1117,1850,1117,1,1
683,0,255,255,255,2006,1115,2006,1115,1,1
684,0,255,255,255,1259,1115,1259,1115,1,1
685,0,255,255,255,1323,1114,1323,1114,1,1
686,0,255,255,255,1300,1112,1300,1112,1,1
687,0,255,255,255,1942,1110,1942,1110,1,1
688,0,255,255,255,2212,1109,2212,1109,1,1
689,0,255,255,255,2179,1108,2179,1108,1,1
690,0,255,255,255,1448,1108,1448,1108,1,1
691,0,255,255,255,1366,1108,1366,1108,1,1
692,0,255,255,255,1383,1107,1383,1107,1,1
693,0,255,255,255,1345,1107,1345,1107,1,1
694,0,255,255,255,1407,1105,1407,1105,1,1
695,0,255,255,255,1020,1105,1020,1105,1,1
696,0,255,255,255,2320,1104,2320,1104,1,1
697,0,255,255,255,1800,1104,1800,1104,1,1
698,0,255,255,255,1199,1104,1199,1104,1,1
699,0,255,255,255,899,1104,899,1104,1,1
700,0,255,255,255,648,1104,648,1104,1,1
701,0,255,255,255,1903,1103,1903,1103,1,1
702,0,255,255,255,1487,1103,1487,1103,1,1
703,0,255,255,255,1864,1102,1864,1102,1,1
704,0,255,255,255,713,1102,713,1102,1,1
705,0,255,255,255,2142,1100,2142,1100,1,1
706,0,255,255,255,1032,1100,1032,1100,1,1
707,0,255,255,255,743,1098,743,1098,1,1
708,0,255,255,255,1246,1097,1246,1097,1,1
709,0,255,255,255,1985,1096,1985,1096,1,1
710,0,255,255,255,1970,1096,1970,1096,1,1
711,0,255,255,255,1957,1096,1957,1096,1,1
712,0,255,255,255,2338,1093,2338,1093,1,1
713,0,255,255,255,2049,1093,2049,1093,1,1
714,0,255,255,255,2185,1091,2185,1091,1,1
715,0,255,255,255,1065,1090,1065,1090,1,1
716,0,255,255,255,2002,1088,2002,1088,1,1
717,0,255,255,255,1444,1088,1444,1088,1,1
718,0,255,255,255,1321,1087,1321,1087,1,1
719,0,255,255,255,2102,1086,2102,1086,1,1
720,0,255,255,255,1885,1086,1885,1086,1,1
721,0,255,255,255,2224,1085,2224,1085,1,1
722,0,255,255,255,1264,1085,1264,1085,1,1
723,0,255,255,255,1905,1084,1905,1084,1,1
724,0,255,255,255,1791,1084,1791,1084,1,1
725,0,255,255,255,1460,1083,1460,1083,1,1
726,0,255,255,255,1338,1083,1338,1083,1,1
727,0,255,255,255,996,1083,996,1083,1,1
728,0,255,255,255,825,1082,825,1082,1,1
729,0,255,255,255,1940,1081,1940,1081,1,1
730,0,255,255,255,1807,1079,1807,1079,1,1
731,0,255,255,255,1924,1080,1924,1080,1,1
732,0,255,255,255,1302,1080,1302,1080,1,1
733,0,255,255,255,1103,1079,1103,1079,1,1
734,0,255,255,255,1859,1078,1859,1078,1,1
735,0,255,255,255,2052,1077,2052,1077,1,1
736,0,255,255,255,1980,1077,1980,1077,1,1
737,0,255,255,255,1823,1075,1823,1075,1,1
738,0,255,255,255,1149,1077,1149,1077,1,1
739,0,255,255,255,1837,1076,1837,1076,1,1
740,0,255,255,255,2422,1075,2422,1075,1,1
741,0,255,255,255,2008,1071,2008,1071,1,1
742,0,255,255,255,1899,1070,1899,1070,1,1
743,0,255,255,255,1401,1070,1401,1070,1,1
744,0,255,255,255,1803,1067,1803,1067,1,1
745,0,255,255,255,2193,1066,2193,1066,1,1
746,0,255,255,255,2071,1066,2071,1066,1,1
747,0,255,255,255,1880,1063,1880,1063,1,1
748,0,255,255,255,1326,1063,1326,1063,1,1
749,0,255,255,255,1863,1060,1863,1060,1,1
750,0,255,255,255,2252,1058,2252,1058,1,1
751,0,255,255,255,1361,1058,1361,1058,1,1
752,0,255,255,255,1822,1057,1822,1057,1,1
753,0,255,255,255,2431,1056,2431,1056,1,1
754,0,255,255,255,2007,1056,2007,1056,1,1
755,0,255,255,255,1321,1053,1321,1053,1,1
756,0,255,255,255,938,1055,938,1055,1,1
757,0,255,255,255,1388,1054,1388,1054,1,1
758,0,255,255,255,1983,1053,1983,1053,1,1
759,0,255,255,255,1966,1053,1966,1053,1,1
760,0,255,255,255,908,1052,908,1052,1,1
761,0,255,255,255,2166,1048,2166,1048,1,1
762,0,255,255,255,1283,1047,1283,1047,1,1
763,0,255,255,255,1870,1045,1870,1045,1,1
764,0,255,255,255,2020,1044,2020,1044,1,1
765,0,255,255,255,1900,1044,1900,1044,1,1
766,0,255,255,255,1832,1044,1832,1044,1,1
767,0,255,255,255,692,1044,692,1044,1,1
768,0,255,255,255,2890,1043,2890,1043,1,1
769,0,255,255,255,2062,1043,2062,1043,1,1
770,0,255,255,255,2255,1040,2255,1040,1,1
771,0,255,255,255,1883,1039,1883,1039,1,1
772,0,255,255,255,1854,1038,1854,1038,1,1
773,0,255,255,255,1152,1038,1152,1038,1,1
774,0,255,255,255,735,1037,735,1037,1,1
775,0,255,255,255,1358,1034,1358,1034,1,1
776,0,255,255,255,261,1034,261,1034,1,1
777,0,255,255,255,2082,1033,2082,1033,1,1
778,0,255,255,255,1822,1032,1822,1032,1,1
779,0,255,255,255,1211,1032,1211,1032,1,1
780,0,255,255,255,1998,1030,1998,1030,1,1
781,0,255,255,255,2118,1029,2118,1029,1,1
782,0,255,255,255,1328,1025,1328,1025,1,1
783,0,255,255,255,2050,1024,2050,1024,1,1
784,0,255,255,255,1383,1023,1383,1023,1,1
785,0,255,255,255,1176,1023,1176,1023,1,1
786,0,255,255,255,969,1023,969,1023,1,1
787,0,255,255,255,2891,1022,2891,1022,1,1
788,0,255,255,255,1857,1022,1857,1022,1,1
789,0,255,255,255,2395,1017,2395,1017,1,1
790,0,255,255,255,1281,1016,1281,1016,1,1
791,0,255,255,255,2777,1015,2777,1015,1,1
792,0,255,255,255,2036,1013,2036,1013,1,1
793,0,255,255,255,2209,1011,2209,1011,1,1
794,0,255,255,255,1256,1011,1256,1011,1,1
795,0,255,255,255,1980,1010,1980,1010,1,1
796,0,255,255,255,1878,1010,1878,1010,1,1
797,0,255,255,255,739,1010,739,1010,1,1
798,0,255,255,255,1152,1008,1152,1008,1,1
799,0,255,255,255,1850,1007,1850,1007,1,1
800,0,255,255,255,1332,1007,1332,1007,1,1
801,0,255,255,255,1298,1005,1298,1005,1,1
802,0,255,255,255,1961,1003,1961,1003,1,1
803,0,255,255,255,1913,1002,1913,1002,1,1
804,0,255,255,255,2016,998,2016,998,1,1
805,0,255,255,255,1895,996,1895,996,1,1
806,0,255,255,255,446,996,446,996,1,1
807,0,255,255,255,1122,990,1122,990,1,1
808,0,255,255,255,2419,988,2419,988,1,1
809,0,255,255,255,2038,987,2038,987,1,1
810,0,255,255,255,2496,984,2496,984,1,1
811,0,255,255,255,1848,984,1848,984,1,1
812,0,255,255,255,2212,982,2212,982,1,1
813,0,255,255,255,1987,981,1987,981,1,1
814,0,255,255,255,1963,981,1963,981,1,1
815,0,255,255,255,344,980,344,980,1,1
816,0,255,255,255,1884,975,1884,975,1,1
817,0,255,255,255,2269,976,2269,976,1,1
818,0,255,255,255,2055,968,2055,968,1,1
819,0,255,255,255,1226,968,1226,968,1,1
820,0,255,255,255,1902,967,1902,967,1,1
821,0,255,255,255,1874,965,1874,965,1,1
822,0,255,255,255,1850,965,1850,965,1,1
823,0,255,255,255,2204,964,2204,964,1,1
824,0,255,255,255,1188,964,1188,964,1,1
825,0,255,255,255,2291,963,2291,963,1,1
826,0,255,255,255,2244,962,2244,962,1,1
827,0,255,255,255,1944,962,1944,962,1,1
828,0,255,255,255,1303,961,1303,961,1,1
829,0,255,255,255,1832,960,1832,960,1,1
830,0,255,255,255,2505,956,2505,956,1,1
831,0,255,255,255,2038,950,2038,950,1,1
832,0,255,255,255,1906,948,1906,948,1,1
833,0,255,255,255,1237,947,1237,947,1,1
834,0,255,255,255,2088,945,2088,945,1,1
835,0,255,255,255,2574,944,2574,944,1,1
836,0,255,255,255,1850,943,1850,943,1,1
837,0,255,255,255,2016,942,2016,942,1,1
838,0,255,255,255,2496,941,2496,941,1,1
839,0,255,255,255,2166,940,2166,940,1,1
840,0,255,255,255,2058,940,2058,940,1,1
841,0,255,255,255,1922,940,1922,940,1,1
842,0,255,255,255,1264,940,1264,940,1,1
843,0,255,255,255,2538,936,2538,936,1,1
844,0,255,255,255,1320,934,1320,934,1,1
845,0,255,255,255,2079,931,2079,931,1,1
846,0,255,255,255,1959,930,1959,930,1,1
847,0,255,255,255,1834,929,1834,929,1,1
848,0,255,255,255,2143,928,2143,928,1,1
849,0,255,255,255,2066,923,2066,923,1,1
850,0,255,255,255,2210,922,2210,922,1,1
851,0,255,255,255,1850,921,1850,921,1,1
852,0,255,255,255,1053,921,1053,921,1,1
853,0,255,255,255,1986,920,1986,920,1,1
854,0,255,255,255,3656,916,3656,916,1,1
855,0,255,255,255,1922,914,1922,914,1,1
856,0,255,255,255,758,912,758,912,1,1
857,0,255,255,255,2138,911,2138,911,1,1
858,0,255,255,255,2017,907,2017,907,1,1
859,0,255,255,255,1984,906,1984,906,1,1
860,0,255,255,255,1897,903,1897,903,1,1
861,0,255,255,255,2100,902,2100,902,1,1
862,0,255,255,255,2028,896,2028,896,1,1
863,0,255,255,255,2378,894,2378,894,1,1
864,0,255,255,255,1942,894,1942,894,1,1
865,0,255,255,255,1925,894,1925,894,1,1
866,0,255,255,255,2064,891,2064,891,1,1
867,0,255,255,255,1889,888,1889,888,1,1
868,0,255,255,255,2406,887,2406,887,1,1
869,0,255,255,255,2094,884,2094,884,1,1
870,0,255,255,255,2047,882,2047,882,1,1
871,0,255,255,255,2017,881,2017,881,1,1
872,0,255,255,255,1945,878,1945,878,1,1
873,0,255,255,255,1827,877,1827,877,1,1
874,0,255,255,255,1878,876,1878,876,1,1
875,0,255,255,255,2110,871,2110,871,1,1
876,0,255,255,255,2066,868,2066,868,1,1
877,0,255,255,255,1857,868,1857,868,1,1
878,0,255,255,255,2201,866,2201,866,1,1
879,0,255,255,255,2433,865,2433,865,1,1
880,0,255,255,255,2230,864,2230,864,1,1
881,0,255,255,255,2138,864,2138,864,1,1
882,0,255,255,255,1961,863,1961,863,1,1
883,0,255,255,255,2394,862,2394,862,1,1
884,0,255,255,255,1926,860,1926,860,1,1
885,0,255,255,255,1885,858,1885,858,1,1
886,0,255,255,255,2286,857,2286,857,1,1
887,0,255,255,255,1977,850,1977,850,1,1
888,0,255,255,255,2122,849,2122,849,1,1
889,0,255,255,255,1871,849,1871,849,1,1
890,0,255,255,255,1810,844,1810,844,1,1
891,0,255,255,255,2090,844,2090,844,1,1
892,0,255,255,255,1854,844,1854,844,1,1
893,0,255,255,255,2029,843,2029,843,1,1
894,0,255,255,255,1793,836,1793,836,1,1
895,0,255,255,255,2336,835,2336,835,1,1
896,0,255,255,255,1897,833,1897,833,1,1
897,0,255,255,255,2309,832,2309,832,1,1
898,0,255,255,255,1989,832,1989,832,1,1
899,0,255,255,255,2582,830,2582,830,1,1
900,0,255,255,255,2016,830,2016,830,1,1
901,0,255,255,255,1869,826,1869,826,1,1
902,0,255,255,255,1859,824,1859,824,1,1
903,0,255,255,255,2220,822,2220,822,1,1
904,0,255,255,255,2117,819,2117,819,1,1
905,0,255,255,255,1951,818,1951,818,1,1
906,0,255,255,255,2433,816,2433,816,1,1
907,0,255,255,255,1991,814,1991,814,1,1
908,0,255,255,255,2073,812,2073,812,1,1
909,0,255,255,255,2027,810,2027,810,1,1
910,0,255,255,255,1890,810,1890,810,1,1
911,0,255,255,255,1883,804,1883,804,1,1
912,0,255,255,255,2211,805,2211,805,1,1
913,0,255,255,255,1925,805,1925,805,1,1
914,0,255,255,255,1971,803,1971,803,1,1
915,0,255,255,255,2053,798,2053,798,1,1
916,0,255,255,255,2633,794,2633,794,1,1
917,0,255,255,255,1946,793,1946,793,1,1
918,0,255,255,255,2284,791,2284,791,1,1
919,0,255,255,255,3398,790,3398,790,1,1
920,0,255,255,255,2443,789,2443,789,1,1
921,0,255,255,255,1912,788,1912,788,1,1
922,0,255,255,255,2021,785,2021,785,1,1
923,0,255,255,255,2487,777,2487,777,1,1
924,0,255,255,255,2716,772,2716,772,1,1
925,0,255,255,255,2360,767,2360,767,1,1
926,0,255,255,255,2539,766,2539,766,1,1
927,0,255,255,255,2423,763,2423,763,1,1
928,0,255,255,255,1990,761,1990,761,1,1
929,0,255,255,255,2594,758,2594,758,1,1
930,0,255,255,255,2074,758,2074,758,1,1
931,0,255,255,255,3229,757,3229,757,1,1
932,0,255,255,255,2199,753,2199,753,1,1
933,0,255,255,255,2642,752,2642,752,1,1
934,0,255,255,255,2036,750,2036,750,1,1
935,0,255,255,255,1816,746,1816,746,1,1
936,0,255,255,255,3398,744,3398,744,1,1
937,0,255,255,255,1954,736,1954,736,1,1
938,0,255,255,255,2367,735,2367,735,1,1
939,0,255,255,255,2122,727,2122,727,1,1
940,0,255,255,255,2638,723,2638,723,1,1
941,0,255,255,255,2217,720,2217,720,1,1
942,0,255,255,255,1887,715,1887,715,1,1
943,0,255,255,255,1867,709,1867,709,1,1
944,0,255,255,255,2139,703,2139,703,1,1
945,0,255,255,255,1950,700,1950,700,1,1
946,0,255,255,255,2394,699,2394,699,1,1
947,0,255,255,255,2798,696,2798,696,1,1
948,0,255,255,255,2228,693,2228,693,1,1
949,0,255,255,255,2077,691,2077,691,1,1
950,0,255,255,255,1874,684,1874,684,1,1
951,0,255,255,255,2759,679,2759,679,1,1
952,0,255,255,255,2358,679,2358,679,1,1
953,0,255,255,255,2058,674,2058,674,1,1
954,0,255,255,255,2947,672,2947,672,1,1
955,0,255,255,255,1961,668,1961,668,1,1
956,0,255,255,255,3020,663,3020,663,1,1
957,0,255,255,255,2347,660,2347,660,1,1
958,0,255,255,255,2242,659,2242,659,1,1
959,0,255,255,255,2053,652,2053,652,1,1
960,0,255,255,255,2955,651,2955,651,1,1
961,0,255,255,255,3221,647,3221,647,1,1
962,0,255,255,255,2138,646,2138,646,1,1
963,0,255,255,255,2377,642,2377,642,1,1
964,0,255,255,255,3162,638,3162,638,1,1
965,0,255,255,255,2570,635,2570,635,1,1
966,0,255,255,255,2065,630,2065,630,1,1
967,0,255,255,255,2148,621,2148,621,1,1
968,0,255,255,255,2021,620,2021,620,1,1
969,0,255,255,255,2093,619,2093,619,1,1
970,0,255,255,255,2573,612,2573,612,1,1
971,0,255,255,255,1921,610,1921,610,1,1
972,0,255,255,255,2310,609,2310,609,1,1
973,0,255,255,255,2513,607,2513,607,1,1
974,0,255,255,255,3331,602,3331,602,1,1
975,0,255,255,255,3129,602,3129,602,1,1
976,0,255,255,255,2335,598,2335,598,1,1
977,0,255,255,255,2135,595,2135,595,1,1
978,0,255,255,255,2426,593,2426,593,1,1
979,0,255,255,255,2292,593,2292,593,1,1
980,0,255,255,255,1934,592,1934,592,1,1
981,0,255,255,255,2270,587,2270,587,1,1
982,0,255,255,255,2811,586,2811,586,1,1
983,0,255,255,255,2052,585,2052,585,1,1
984,0,255,255,255,2426,570,2426,570,1,1
985,0,255,255,255,2146,569,2146,569,1,1
986,0,255,255,255,2239,566,2239,566,1,1
987,0,255,255,255,2286,560,2286,560,1,1
988,0,255,255,255,2115,554,2115,554,1,1
989,0,255,255,255,2027,553,2027,553,1,1
990,0,255,255,255,2542,548,2542,548,1,1
991,0,255,255,255,2379,547,2379,547,1,1
992,0,255,255,255,2933,529,2933,529,1,1
993,0,255,255,255,2411,523,2411,523,1,1
994,0,255,255,255,2140,519,2140,519,1,1
995,0,255,255,255,3021,516,3021,516,1,1
996,0,255,255,255,2109,512,2109,512,1,1
997,0,255,255,255,1884,501,1884,501,1,1
998,0,255,255,255,3092,495,3092,495,1,1
999,0,255,255,255,2304,486,2304,486,1,1
1000,0,255,255,255,3246,464,3246,464,1,1
1001,0,255,255,255,2133,461,2133,461,1,1
1002,0,255,255,255,2271,454,2271,454,1,1
1003,0,255,255,255,2171,447,2171,447,1,1
1004,0,255,255,255,1937,438,1937,438,1,1
1005,0,255,255,255,2226,436,2226,436,1,1
1006,0,255,255,255,2326,431,2326,431,1,1
1007,0,255,255,255,3308,423,3308,423,1,1
1008,0,255,255,255,2224,412,2224,412,1,1
1009,0,255,255,255,2294,411,2294,411,1,1
1010,0,255,255,255,2395,407,2395,407,1,1
1011,0,255,255,255,2496,405,2496,405,1,1
1012,0,255,255,255,2088,400,2088,400,1,1
1013,0,255,255,255,3017,397,3017,397,1,1
1014,0,255,255,255,2133,394,2133,394,1,1
1015,0,255,255,255,2256,393,2256,393,1,1
1016,0,255,255,255,2168,392,2168,392,1,1
1017,0,255,255,255,2408,381,2408,381,1,1
1018,0,255,255,255,3141,378,3141,378,1,1
1019,0,255,255,255,2125,374,2125,374,1,1
1020,0,255,255,255,2368,371,2368,371,1,1
1021,0,255,255,255,2375,334,2375,334,1,1
1022,0,255,255,255,2519,315,2519,315,1,1
1023,0,255,255,255,2537,297,2537,297,1,1
1024,0,255,255,255,2619,289,2619,289,1,1
1025,0,255,255,255,3221,279,3221,279,1,1
1026,0,255,255,255,2731,273,2731,273,1,1
1027,0,255,255,255,2350,270,2350,270,1,1
1028,0,255,255,255,2432,269,2432,269,1,1
1029,0,255,255,255,2524,247,2524,247,1,1
1030,0,255,255,255,3181,244,3181,244,1,1
1031,0,255,255,255,2380,239,2380,239,1,1
1032,0,255,255,255,3187,225,3187,225,1,1
1033,0,255,255,255,2475,220,2475,220,1,1
1034,0,255,255,255,3583,198,3583,198,1,1
1035,0,255,255,255,2701,187,2701,187,1,1
1036,0,255,255,255,2440,178,2440,178,1,1
1037,0,255,255,255,2863,44,2863,44,1,1
1038,11250015,0.039,0,255,0,0,0,0,4605,2443
